<?xml version="1.0" encoding="UTF-8"?>
<project-private xmlns="http://www.netbeans.org/ns/project-private/1">
    <editor-bookmarks xmlns="http://www.netbeans.org/ns/editor-bookmarks/2" lastBookmarkId="0"/>
    <open-files xmlns="http://www.netbeans.org/ns/projectui-open-files/2">
        <group>
            <file>file:/D:/MC_ASSIGNMENT/ECU_1.X/adc.h</file>
            <file>file:/D:/MC_ASSIGNMENT/ECU_1.X/clcd.h</file>
            <file>file:/D:/MC_ASSIGNMENT/ECU_1.X/ssd_dispay.c</file>
            <file>file:/D:/MC_ASSIGNMENT/ECU_1.X/newmain.c</file>
            <file>file:/D:/MC_ASSIGNMENT/ECU_1.X/adc.c</file>
            <file>file:/D:/MC_ASSIGNMENT/ECU_1.X/timer_0.h</file>
            <file>file:/D:/MC_ASSIGNMENT/ECU_1.X/timer_0.c</file>
            <file>file:/D:/MC_ASSIGNMENT/ECU_1.X/can.h</file>
            <file>file:/D:/MC_ASSIGNMENT/ECU_1.X/msg_id.h</file>
            <file>file:/D:/MC_ASSIGNMENT/ECU_1.X/ssd_display.h</file>
            <file>file:/D:/MC_ASSIGNMENT/ECU_1.X/clcd.c</file>
            <file>file:/D:/MC_ASSIGNMENT/ECU_1.X/can.c</file>
        </group>
    </open-files>
</project-private>
